credit_score,monthly_income,existing_debt_payment,loan_amount,employment_years,prior_defaults,dti_ratio,default_status
402,6293,1336,43506,32,0,0.21229938026378517,0
735,12724,673,10668,2,0,0.052892172272870165,0
570,14020,148,96470,34,0,0.010556348074179744,0
406,7178,1250,52195,4,0,0.1741432153803288,0
371,8980,322,78233,26,0,0.03585746102449889,0
320,11200,3068,29417,11,0,0.2739285714285714,1
421,3229,3450,86982,19,0,1.0684422421802415,1
766,11227,1531,15751,19,0,0.13636768504498084,0
514,6585,1628,51218,8,0,0.2472285497342445,0
630,10467,3465,12352,38,0,0.3310404127257094,0
758,4740,1919,84052,3,0,0.40485232067510546,0
387,4289,2424,93835,18,0,0.5651667055257635,1
672,3239,1561,33927,37,0,0.4819388700216116,0
399,7370,1230,46094,26,0,0.16689280868385345,0
430,2125,1781,59122,12,0,0.8381176470588235,1
608,14257,2567,34493,12,0,0.1800519043276987,0
643,14504,2758,97247,21,1,0.19015444015444016,1
791,9473,3600,78539,27,0,0.3800274464266864,0
713,14060,474,36707,21,0,0.033712660028449505,0
685,11400,2220,73814,18,0,0.19473684210526315,0
491,7342,2121,12296,7,0,0.2888858621628984,0
576,9351,3805,30398,7,0,0.4069083520479093,0
460,8638,1153,40842,25,0,0.1334799722157907,0
759,8570,3359,18261,25,0,0.39194865810968493,0
613,5249,3535,81709,22,0,0.6734616117355687,0
321,11110,1989,61704,12,0,0.17902790279027903,1
552,9595,1923,72173,27,0,0.20041688379364253,0
774,14115,1574,36781,8,0,0.11151257527453064,0
358,8294,2342,18652,19,0,0.28237279961417894,1
810,8527,1279,10103,18,0,0.14999413627301514,0
775,7757,3343,30500,38,0,0.4309655794766018,0
489,14595,2994,40529,11,0,0.20513874614594038,0
543,3969,1164,23452,14,1,0.29327286470143615,1
804,12985,3234,54393,30,0,0.2490566037735849,0
430,2891,2170,36174,13,0,0.7506053268765133,0
784,6470,459,69450,10,0,0.07094281298299845,0
320,9175,3246,40436,25,0,0.3537874659400545,1
466,12225,2707,52406,26,0,0.2214314928425358,0
573,11556,2819,68059,10,0,0.24394254067151264,0
687,10320,2141,20954,37,1,0.2074612403100775,1
615,11206,3996,87722,33,0,0.3565946814206675,0
313,11991,1241,17356,18,0,0.10349428738220331,1
541,8812,1735,7187,5,0,0.196890603722197,0
645,9519,1503,82243,37,0,0.15789473684210525,0
639,6612,2043,40098,27,0,0.30898366606170596,0
391,11710,778,97471,0,0,0.06643894107600341,0
666,14373,3461,26225,34,0,0.24079871982188827,0
754,3198,2587,8606,39,0,0.8089430894308943,0
727,14065,3839,62620,7,0,0.2729470316388198,0
808,7238,3080,37828,6,0,0.425531914893617,0
334,12666,106,31489,10,0,0.008368861519027318,1
505,8089,3367,19387,38,0,0.4162442823587588,0
380,13677,2568,74463,3,0,0.18776047378811142,0
687,8257,1691,76832,24,0,0.20479593072544508,0
301,14241,932,7591,11,0,0.06544484235657608,1
689,9705,3364,53516,25,0,0.34662545079855744,0
405,5719,2706,96683,37,0,0.47315964329428223,0
776,2302,3319,67061,11,0,1.441789748045178,0
701,14144,1910,71736,36,0,0.135039592760181,0
461,14875,3840,86257,23,0,0.2581512605042017,0
501,2986,3373,66753,15,0,1.1296048225050235,0
569,12055,3615,89774,12,0,0.29987557030277895,0
570,6440,1013,16087,24,0,0.15729813664596273,0
755,6909,2111,35816,3,0,0.305543493993342,0
761,5072,1542,28408,10,0,0.30402208201892744,0
551,5124,1550,5136,31,0,0.30249804839968775,0
595,11519,3154,22413,6,0,0.2738084903203403,0
637,12600,1602,64500,10,0,0.12714285714285714,0
352,13865,3646,89514,27,0,0.26296429859358095,1
516,10125,225,61358,22,0,0.022222222222222223,0
487,5291,2542,71197,22,0,0.4804384804384804,0
679,6033,916,97789,27,1,0.1518315929056854,1
792,7105,3028,97420,25,0,0.42617874736101335,0
340,2703,1929,37854,24,0,0.7136514983351832,1
456,10133,675,81240,28,0,0.0666140333563604,0
314,2574,2472,95063,18,0,0.9603729603729604,1
364,7704,1515,21322,32,0,0.19665109034267914,1
820,13424,1029,11968,35,0,0.07665375446960668,0
643,9848,3859,32518,13,0,0.3918562144597888,0
428,7208,3799,56925,13,0,0.5270532741398446,0
771,14975,1563,64848,34,1,0.10437395659432387,0
362,8924,3375,98422,29,1,0.3781936351411923,1
438,12824,3657,6700,27,0,0.28516843418590143,0
798,5828,932,98782,16,0,0.15991763898421413,0
691,5230,1154,28199,2,0,0.22065009560229445,0
718,2488,3559,49589,15,0,1.4304662379421222,0
588,9114,1748,37115,29,0,0.19179284617072637,0
678,11539,2000,66934,28,0,0.1733252448219083,0
789,13873,1557,59316,14,0,0.11223239385857421,0
530,5173,2984,10520,24,0,0.576841291320317,0
340,14781,3073,41455,37,0,0.2079020363980786,1
327,3667,1499,91465,37,0,0.40878101990728116,1
434,11829,3515,46605,22,0,0.29715106940569785,0
500,6114,542,19955,24,0,0.08864900228982663,0
332,5553,3750,49049,6,0,0.6753106428957321,1
347,9761,2222,18917,21,0,0.22764061059317692,1
802,3000,656,75293,16,0,0.21866666666666668,0
706,11042,3943,83581,17,0,0.3570911066835718,0
398,3388,3837,69925,9,0,1.1325265643447462,1
846,7450,1278,75269,9,0,0.17154362416107383,0
761,5712,3601,35954,6,0,0.6304271708683473,0
304,3367,2137,77617,37,0,0.6346896346896347,1
517,10189,462,46458,26,1,0.045343016979095103,1
802,11013,2595,94037,32,0,0.23563061836011986,0
697,2454,1357,26113,0,0,0.5529747351263243,0
692,11816,3734,95226,33,0,0.31601218686526744,0
506,4772,1941,48939,3,0,0.4067476948868399,0
314,5726,2409,34345,16,0,0.4207125392944464,1
760,9232,1950,51313,3,0,0.2112218370883882,0
540,13339,2272,97365,25,0,0.1703276107654247,0
395,14281,1010,74166,3,0,0.07072333870177158,0
784,6806,344,52861,0,0,0.050543637966500146,0
706,4190,641,54298,6,0,0.15298329355608592,0
530,11108,2632,52221,29,0,0.23694634497659345,0
470,14178,2269,49942,8,0,0.16003667654112005,0
840,4875,2272,8453,34,0,0.46605128205128205,0
335,7592,1672,59935,7,0,0.220231822971549,1
824,3440,2317,48370,23,0,0.673546511627907,0
459,14592,223,13328,18,0,0.01528234649122807,0
542,10927,3206,20534,35,0,0.293401665598975,0
385,13760,3258,90280,26,0,0.23677325581395348,0
327,8059,2793,89925,31,0,0.346569053232411,1
639,13530,1831,41320,13,0,0.13532889874353288,0
630,9010,885,54170,17,0,0.09822419533851276,0
805,13207,2143,85201,27,0,0.1622624365866586,0
647,9117,2348,13640,28,0,0.2575408577382911,0
772,13081,2516,96057,15,0,0.1923400351655072,0
530,11153,896,35049,34,0,0.0803371290235811,0
489,4989,176,10618,30,0,0.035277610743636,0
524,14040,158,61053,3,0,0.011253561253561254,0
684,11218,2578,6920,36,1,0.22980923515778215,1
676,8228,2785,48937,16,0,0.3384783665532329,0
582,14057,1623,74724,38,0,0.11545849043181333,0
558,8471,2036,17207,25,0,0.24034942745838744,0
658,4863,2256,70774,38,0,0.4639111659469463,0
755,12693,3907,37972,3,0,0.30780745292681005,0
710,12139,3155,15799,29,0,0.25990608781612984,0
617,3177,1401,76088,29,0,0.4409820585457979,0
524,6760,167,33916,21,1,0.02470414201183432,1
533,2011,3240,75463,10,0,1.6111387369467927,0
673,7252,3336,98500,1,0,0.46001103143960287,0
771,6399,3660,81700,11,0,0.5719643694327239,0
532,13556,2452,42158,29,0,0.18087931543228092,0
412,13214,2032,89607,35,0,0.1537762978658998,0
796,13563,2821,76696,17,0,0.20799233207992332,0
741,13022,464,66510,25,0,0.03563200737213946,0
567,10234,920,63692,6,0,0.08989642368575337,0
809,11135,1502,66744,0,0,0.13488998652896272,0
685,12582,2490,20810,25,0,0.19790176442536958,0
686,7445,1046,10126,22,0,0.1404969778374748,0
412,12737,3046,35009,25,0,0.2391457957132763,0
380,12603,1677,95932,5,1,0.13306355629611996,1
412,8570,1477,5192,5,0,0.17234539089848308,0
301,11196,1539,41413,7,0,0.13745980707395497,1
519,10212,3280,17816,23,0,0.32119075597336466,0
524,2406,3734,44082,21,1,1.5519534497090606,1
684,11206,861,70048,18,0,0.0768338390148135,0
702,6431,3668,55940,36,0,0.5703623075726948,0
429,12030,440,37130,17,0,0.03657522859517872,0
352,13380,3089,45142,30,0,0.23086696562032885,1
715,7243,482,41468,36,0,0.0665470109070827,0
546,8542,1103,35698,29,0,0.12912666822758137,0
738,8936,1656,15655,32,0,0.18531781557743957,0
502,10906,399,52897,9,1,0.036585365853658534,1
483,6146,238,35075,36,0,0.0387243735763098,0
422,14046,458,14359,11,0,0.032607147942474726,0
700,14611,935,47056,29,0,0.06399288207514886,0
593,2140,1622,56831,26,0,0.7579439252336448,0
579,14757,3556,64191,38,0,0.24097038693501388,0
497,6882,1727,38272,8,0,0.2509444928799768,0
810,8012,2082,19671,20,0,0.2598602096854718,0
443,2963,1403,32048,11,0,0.4735065811677354,0
500,9151,3808,81274,28,0,0.41612938476669215,0
423,10564,2630,30963,32,0,0.2489587277546384,0
486,13827,1008,48954,14,0,0.07290084617053591,0
625,12733,1234,77309,1,0,0.09691353176784732,0
763,5610,3013,5717,38,0,0.5370766488413548,0
648,11884,2286,16676,17,0,0.19235947492426791,0
702,8894,1095,9434,2,0,0.12311670789296154,0
645,9311,2582,54810,6,0,0.2773064117710235,0
810,2105,2656,99636,17,0,1.2617577197149643,0
446,7539,2420,9994,37,0,0.32099747977185306,0
447,11873,3270,9234,36,0,0.27541480670428703,0
788,14289,3935,74300,32,0,0.2753866610679544,0
637,14208,2251,48949,30,0,0.15843186936936937,0
772,12828,1337,42405,10,0,0.1042251325226068,0
450,8787,1884,39872,3,1,0.21440764766131787,1
714,4137,3835,47215,17,0,0.9270002417210539,0
597,13608,2909,28185,3,0,0.21377131099353322,0
562,6445,2934,48442,33,1,0.4552366175329713,1
443,5530,264,56759,28,0,0.047739602169981916,0
645,3286,1098,46153,23,1,0.33414485696895924,1
301,13371,2667,82535,21,1,0.19946152120260266,1
603,9052,1407,7581,1,0,0.15543526292532037,0
553,5654,2664,56717,5,0,0.4711708524938097,0
752,9102,756,7763,24,0,0.08305866842452209,0
336,4359,2760,97910,20,0,0.6331727460426704,1
459,10105,2311,60480,15,0,0.22869866402770905,0
308,10636,2009,43759,30,0,0.18888679954870252,1
532,8441,3830,81067,13,0,0.4537377088022746,0
398,7047,2146,30307,38,0,0.3045267489711934,0
507,10227,2211,16064,27,0,0.2161924317981813,0
430,7203,3262,81848,31,0,0.45286686103012636,0
703,11667,1240,42548,27,0,0.10628267763778178,0
451,14149,1989,41945,8,0,0.14057530567531273,0
353,3798,366,52937,21,1,0.09636650868878358,1
419,12037,1945,11476,31,1,0.16158511256957714,1
719,11600,1808,56756,4,0,0.15586206896551724,0
721,7291,3730,95101,22,0,0.5115896310519819,0
403,7495,3311,7382,4,0,0.4417611741160774,0
553,11900,2393,54683,31,0,0.20109243697478993,0
526,13130,3832,92999,9,0,0.29185072353389185,0
411,8284,3929,50276,38,0,0.47428778367938196,0
809,9285,2542,38402,14,1,0.2737749057619817,0
772,3300,1610,96881,6,0,0.48787878787878786,0
398,8869,575,31946,28,0,0.0648325628593979,0
452,11435,3688,84698,2,0,0.3225185832968955,0
637,14168,1076,78933,18,0,0.07594579333709768,0
462,5097,1307,27335,9,0,0.25642534824406515,0
460,6616,1143,50095,27,0,0.17276299879081017,0
697,2009,2060,84930,28,0,1.0253857640617223,0
576,12617,657,32197,14,0,0.052072600459697235,0
803,7752,1117,27010,34,0,0.14409184726522187,0
691,11852,3695,29123,5,0,0.3117617279784003,0
434,12823,1705,92923,11,0,0.13296420494424083,0
494,8295,3700,7890,37,0,0.4460518384569018,0
700,6815,982,98305,12,0,0.14409391049156273,0
332,3072,2294,13026,28,0,0.7467447916666666,1
759,5225,765,69925,18,0,0.14641148325358852,0
769,3316,3475,73842,2,0,1.0479493365500603,0
674,7699,2767,38665,7,0,0.3593973243278348,0
321,14337,1871,14277,7,0,0.1305014996163772,1
337,8807,2967,47239,19,0,0.33689110934483935,1
529,8674,963,52664,3,1,0.11102144339405119,1
664,5683,681,53008,20,0,0.11983107513637163,0
737,9227,3170,19683,2,0,0.3435569524222391,0
582,5273,794,5670,7,0,0.15057841835767116,0
326,9000,3933,94211,22,0,0.437,1
525,2145,1351,22889,15,0,0.6298368298368299,0
576,7010,3273,60612,12,1,0.466904422253923,1
583,5040,1710,49535,2,0,0.3392857142857143,0
780,11654,3588,83542,8,0,0.3078771237343401,0
752,14868,1339,59319,13,1,0.09005918751681463,0
815,11776,2554,97067,12,1,0.21688179347826086,0
846,2482,498,26639,6,0,0.20064464141821112,0
491,5179,2046,69712,14,0,0.3950569608032439,0
348,3249,814,21633,6,0,0.2505386272699292,1
811,14960,803,39660,37,0,0.05367647058823529,0
316,2630,2908,73975,33,0,1.105703422053232,1
471,10853,2646,37172,21,0,0.24380355662028932,0
519,13695,3925,64197,23,0,0.28660094925155166,0
457,4852,3636,63847,36,0,0.7493816982687551,0
776,12658,1814,16577,0,0,0.143308579554432,0
345,2987,2072,82299,9,0,0.6936725811851356,1
672,9622,3121,25176,15,0,0.3243608397422573,0
817,9327,3902,49386,7,0,0.4183553125335049,0
398,11738,181,68972,24,0,0.01542000340773556,0
336,10841,703,94791,11,0,0.06484641638225255,1
579,11160,2070,46003,24,0,0.18548387096774194,0
648,12829,1810,24996,16,0,0.14108660067035622,0
796,3100,2146,91598,25,0,0.692258064516129,0
601,8652,3922,40931,13,0,0.4533055940822931,0
480,10632,2919,40710,35,0,0.27454853273137697,0
398,9421,1002,39693,22,0,0.10635813607897251,0
415,7016,464,40740,5,0,0.0661345496009122,0
490,2769,262,82241,4,0,0.09461899602744674,0
552,3343,3219,98583,24,0,0.9629075680526473,0
460,6358,2658,81502,17,0,0.4180559924504561,0
555,13921,3500,22374,12,1,0.251418719919546,1
622,14098,1963,81674,13,0,0.13923960845510003,0
427,11769,215,86471,27,0,0.018268332058798537,0
317,8780,3088,50913,17,0,0.35170842824601367,1
622,14200,2484,71025,27,0,0.17492957746478874,0
587,8602,980,49516,26,1,0.11392699372239014,1
454,13543,2884,92796,31,0,0.21295134017573655,0
789,14987,939,31069,8,0,0.06265430039367452,0
685,4349,2294,61233,39,0,0.5274775810531157,0
403,13794,3746,89811,31,0,0.27156734812237204,0
692,7699,3977,64049,19,0,0.5165605922847123,0
545,3241,1446,44178,27,0,0.4461585930268436,0
475,3125,2590,37821,32,0,0.8288,0
338,12793,2984,56727,3,0,0.23325255999374658,1
776,11382,1136,65935,33,1,0.09980671235283782,0
837,8764,1042,21999,2,1,0.11889548151528982,0
707,7101,3665,67522,25,0,0.51612448950852,0
824,14323,1824,43712,7,0,0.12734762270474062,0
805,14640,2434,69551,5,0,0.1662568306010929,0
335,9843,2867,45172,15,0,0.29127298587828915,1
319,2072,1237,38722,23,0,0.597007722007722,1
620,7472,2627,15625,38,0,0.3515792291220557,0
811,12106,121,72165,29,0,0.00999504377994383,0
699,7189,3520,81509,12,0,0.4896369453331479,0
770,4472,1849,11859,4,0,0.41346153846153844,0
442,13238,782,46609,24,1,0.05907236742710379,1
391,2707,3737,48307,19,1,1.3804950129294422,1
653,3804,3053,26839,17,0,0.8025762355415352,0
350,8704,1933,32216,17,0,0.22208180147058823,1
489,5713,2467,57953,1,1,0.4318221599859968,1
424,7051,225,89481,9,1,0.03191036732378386,1
449,12756,376,65593,11,0,0.02947632486672938,0
613,4475,2099,77075,12,0,0.46905027932960897,0
641,5610,1327,54522,10,0,0.23654188948306595,0
604,6255,2341,9886,18,0,0.3742605915267786,0
353,13015,3852,12485,34,0,0.2959661928543988,1
743,9397,3835,36455,38,0,0.40810897094817494,0
563,3735,3718,21767,25,1,0.9954484605087015,1
352,11777,795,33453,13,0,0.06750445784155558,1
304,10258,1409,81280,23,0,0.13735620978748295,1
402,13253,156,58442,0,0,0.011770919791745266,0
495,9979,3905,56877,21,0,0.391321775729031,0
649,4428,3474,17226,22,0,0.7845528455284553,0
346,14345,3334,98405,18,0,0.23241547577553154,1
568,9426,118,27588,17,0,0.012518565669424995,0
669,10533,3541,83976,11,0,0.3361815247317953,0
405,7249,2411,36709,27,0,0.33259759966891983,0
419,12966,2941,52788,27,0,0.2268240012339966,0
357,7291,212,93031,32,0,0.029076944177753396,0
645,4817,3659,42019,18,0,0.7596014116670127,0
773,12853,3498,49948,27,0,0.2721543608496071,0
416,11424,641,70133,36,0,0.05610994397759104,0
426,5874,2794,71458,25,0,0.4756554307116105,0
692,12593,678,32526,34,0,0.05383943460652744,0
357,11686,1188,78493,33,0,0.10166010610987507,1
812,6211,3463,57198,34,0,0.5575591692159073,0
395,2661,124,48395,39,0,0.04659902292371289,0
417,14075,1672,29031,15,0,0.11879218472468916,0
787,13811,2148,80542,37,0,0.15552820215770038,0
536,12060,3058,42701,12,0,0.25356550580431175,0
571,12526,1672,30939,22,0,0.13348235669806802,0
488,5374,240,54145,21,0,0.0446594715295869,0
746,11208,1867,25324,15,0,0.16657744468236974,0
546,14598,747,27867,27,0,0.051171393341553635,0
375,2207,2335,5203,34,0,1.0579972813774354,1
453,4665,3299,21544,7,0,0.7071811361200429,0
734,4493,300,20899,21,0,0.0667705319385711,0
385,8813,3298,34063,20,0,0.37421990241688413,1
584,2632,356,95880,25,0,0.135258358662614,0
519,12294,3847,8748,39,0,0.3129168700178949,0
368,13151,646,71629,20,0,0.049121739791650826,0
346,5083,2341,85764,24,0,0.46055479047806414,1
393,14944,2850,25884,0,0,0.1907119914346895,0
752,12123,3275,30183,5,0,0.27014765322114986,0
503,5719,3706,86570,22,0,0.648015387305473,0
517,9123,3436,76246,22,0,0.3766304943549271,0
773,12754,901,24259,22,0,0.07064450368511839,0
731,3679,1041,40959,31,0,0.2829573253601522,0
640,2236,3555,38457,29,0,1.5898926654740608,0
588,9446,3431,90679,12,0,0.36322252805420285,0
553,6443,513,7103,17,0,0.07962129442806146,0
656,8770,2114,70901,22,0,0.2410490307867731,0
322,14917,1481,49535,14,0,0.09928269759334987,1
821,11732,1198,21103,32,0,0.10211387657688374,0
399,8099,3526,95012,20,0,0.43536239041857017,0
479,14135,3755,83278,38,0,0.26565263530244076,0
522,10555,3942,17391,22,0,0.3734722880151587,0
741,4368,1009,33901,26,0,0.2309981684981685,0
624,2285,287,86159,17,0,0.12560175054704595,0
815,2148,3856,72914,23,0,1.7951582867783986,0
315,6037,2115,55357,39,0,0.35033957263541493,1
635,8549,1413,91908,6,0,0.16528248918002106,0
557,9121,2192,43437,19,1,0.24032452581953734,1
796,14743,3744,40503,26,1,0.25395102760632166,0
459,11958,2230,98459,5,0,0.18648603445392206,0
774,6895,1246,80403,26,0,0.18071065989847715,0
679,7280,457,46258,8,0,0.06277472527472527,0
844,3012,1651,38724,30,0,0.548140770252324,0
726,13023,1189,69286,20,0,0.09130000767872226,0
567,12699,3083,79842,25,0,0.24277502165524845,0
716,11715,1780,19908,39,0,0.15194195475885616,0
467,4785,2522,97617,12,0,0.5270637408568443,0
342,12748,261,55626,22,0,0.020473799811735173,1
584,5725,3917,42228,19,0,0.6841921397379913,0
696,6576,3551,28386,36,0,0.5399939172749392,0
311,7782,3827,51754,27,0,0.4917758930866101,1
601,8257,3529,33302,16,0,0.4273949376286787,0
552,11793,3359,65815,27,0,0.2848299838887476,0
798,4408,2469,89748,1,0,0.5601179673321234,0
334,2340,549,68344,24,1,0.23461538461538461,1
389,4817,1597,40618,5,1,0.33153414988582103,1
717,4496,1136,81234,10,0,0.2526690391459075,0
414,7962,2331,66114,37,0,0.2927656367746797,0
495,7299,2258,75130,5,0,0.30935744622551037,0
800,11917,2050,30525,10,0,0.17202316019132333,0
792,9574,2655,84818,13,1,0.2773135575517025,0
374,3689,1413,19334,1,0,0.3830306316074817,1
712,5267,2442,99715,39,0,0.46364154167457755,0
675,6406,3622,67767,2,0,0.5654074305338745,0
719,10453,3051,11644,34,0,0.29187792978092414,0
576,3442,1338,37933,32,0,0.38872748402091806,0
693,10597,1073,48469,23,0,0.10125507219024252,0
756,12382,731,38687,18,0,0.05903731222742691,0
491,6437,1690,57656,17,0,0.2625446636631971,0
398,7435,1150,22375,23,0,0.1546738399462004,0
847,10435,3801,70206,34,0,0.3642549113560134,0
395,14777,2880,41607,0,1,0.19489747580699737,1
489,6107,3402,88178,35,0,0.5570656623546749,0
336,2560,1688,28993,24,0,0.659375,1
668,14329,3978,49386,33,0,0.27761881499057856,0
824,12917,2468,51287,24,0,0.19106603700549663,0
578,10785,3060,91724,15,0,0.28372739916550765,0
516,7548,3404,98308,33,0,0.45098039215686275,0
572,3826,1793,81312,28,0,0.46863565081024566,0
361,13421,536,80324,18,0,0.03993741151926086,0
641,13479,2928,76196,22,0,0.21722679724015134,0
696,14265,1656,75014,18,0,0.11608832807570978,0
318,9629,3574,13210,24,0,0.37117042268148304,1
476,10325,1176,15922,15,0,0.11389830508474576,0
695,5138,3958,41289,8,0,0.7703386531724407,0
744,14111,3484,38340,0,1,0.24689958188647154,1
532,9693,1404,44850,18,0,0.14484679665738162,0
375,10264,2873,61984,32,0,0.2799103663289166,1
564,14686,2178,89178,33,0,0.14830450769440284,0
754,9842,2484,16094,15,0,0.2523877260719366,0
683,8721,282,92959,39,0,0.03233574131406949,0
805,9002,3194,38418,17,0,0.35481004221284157,0
666,6225,2691,10741,33,0,0.432289156626506,0
443,4978,1569,77374,24,0,0.31518682201687426,0
368,9373,3245,73798,5,0,0.34620719086738505,1
398,7907,3181,75532,20,0,0.4023017579360061,0
695,8097,3655,27164,5,0,0.4514017537359516,0
324,14553,1579,40595,31,0,0.10849996564282278,1
768,7656,1689,35257,38,1,0.22061128526645768,0
783,12177,1687,19211,30,0,0.1385398702471873,0
450,10984,759,10232,9,0,0.06910050983248361,0
443,6259,259,72753,29,0,0.04138041220642275,0
338,10286,3185,57691,17,0,0.30964417655065135,1
408,7901,3349,94765,23,0,0.42387039615238575,0
341,11325,2559,84768,8,0,0.22596026490066226,1
485,6917,1111,30613,30,0,0.16061876536070552,0
697,10429,152,19026,14,0,0.01457474350369163,0
522,13138,2555,58535,3,0,0.19447404475567057,0
432,4530,2994,99090,39,0,0.6609271523178808,0
462,3960,1145,35908,8,0,0.28914141414141414,0
514,9045,1153,57113,8,0,0.12747374239911555,0
534,3048,2850,24610,25,0,0.9350393700787402,0
308,7772,2407,51646,3,0,0.30970149253731344,1
373,4529,1328,68185,16,0,0.29322146169132257,1
791,4964,3230,77567,15,1,0.6506849315068494,0
552,9137,1594,52574,14,0,0.17445551056145342,0
529,2963,2923,96051,34,0,0.9865001687478907,0
818,2536,1589,41182,4,0,0.626577287066246,0
473,9340,1135,5570,4,0,0.1215203426124197,0
467,9179,3802,24288,19,0,0.41420634055997385,0
469,9967,2050,83824,14,0,0.2056787398414769,0
692,14415,3461,34877,17,0,0.24009712105445716,0
493,13871,949,89425,1,0,0.06841611996251172,0
816,14379,3931,5917,28,0,0.27338479727380205,0
328,13916,453,80602,12,0,0.03255245760275941,1
464,10734,3810,69575,3,1,0.35494689770821686,1
721,2845,1198,77518,9,0,0.4210896309314587,0
638,13795,3020,44104,30,0,0.21891989851395433,0
795,7777,1839,23062,7,0,0.23646650379323647,0
664,5036,3732,21999,2,0,0.7410643367752184,0
641,7947,3762,66845,8,0,0.4733861834654587,0
799,4494,1564,14941,29,0,0.34801958166444147,0
810,14677,1090,66169,10,1,0.07426585814539756,0
626,4719,1364,28470,34,0,0.289044289044289,0
516,3884,3165,64821,36,0,0.8148815653964985,0
600,14330,1984,91669,12,0,0.13845080251221215,0
431,6349,3325,49435,35,0,0.523704520396913,0
369,13393,1909,9529,12,0,0.14253714627043979,0
551,7179,3267,88055,11,0,0.45507730881738406,0
714,12902,3897,17192,36,0,0.3020461943884669,0
744,8610,2441,79102,9,0,0.2835075493612079,0
481,8430,2356,77762,8,0,0.2794780545670225,0
466,9154,3514,91795,6,1,0.3838759012453572,1
390,12145,1211,39087,1,0,0.09971181556195965,0
830,8488,917,71677,22,0,0.1080348727615457,0
338,6737,1899,9627,38,0,0.28187620602642127,1
425,8525,2060,61541,39,0,0.24164222873900293,0
750,5850,2537,73226,38,0,0.43367521367521367,0
472,2689,2472,8255,20,0,0.9193008553365564,0
519,12142,3087,62433,22,0,0.25424147586888485,0
357,7175,988,10213,28,0,0.13770034843205575,1
775,10648,1955,24404,13,0,0.18360255447032306,0
755,7078,1280,30380,25,0,0.18084204577564283,0
660,12322,767,96056,4,0,0.06224638857328356,0
300,14168,3822,24173,30,0,0.26976284584980237,1
686,14436,732,58027,24,0,0.05070656691604322,0
647,7448,2724,28989,30,1,0.3657357679914071,1
489,3179,1742,29519,19,0,0.5479710600817868,0
804,14477,3830,27439,16,0,0.26455757408302827,0
490,13757,236,81949,1,0,0.017154902958493857,0
807,11074,2046,19995,24,0,0.18475708867617843,0
668,8406,1797,28559,12,0,0.21377587437544612,0
708,10591,527,94049,38,0,0.04975922953451043,0
416,8907,1575,10021,27,1,0.17682721455035366,1
433,10800,2759,26119,5,0,0.25546296296296295,0
357,3638,3058,56539,2,0,0.840571742715778,1
472,7671,918,99835,34,0,0.11967149002737583,0
448,8928,2288,44350,17,0,0.25627240143369173,0
379,12340,1206,51223,10,0,0.09773095623987034,0
512,3382,2324,30517,19,0,0.6871673565937315,0
502,3403,297,83653,4,0,0.08727593300029386,0
528,11011,2771,27250,18,0,0.2516574334756153,0
526,5292,3739,89486,21,0,0.7065381708238851,0
831,11011,2095,87895,18,0,0.19026428117337207,0
740,2419,2838,94132,15,1,1.173212071103762,1
701,14411,3592,96066,23,0,0.24925404205121088,0
346,6517,2548,71798,3,0,0.39097744360902253,1
532,5302,3869,59199,14,0,0.7297246322142588,0
604,9857,570,64546,24,0,0.057826925027898955,0
825,11700,2365,93151,34,1,0.20213675213675214,0
442,9870,2048,8327,13,0,0.20749746707193514,0
714,7693,1028,34768,18,0,0.1336279734823866,0
812,2767,3999,69418,37,0,1.4452475605348754,0
672,4044,2110,99386,35,0,0.5217606330365975,0
558,12331,3900,47788,6,0,0.31627605222609684,0
770,13221,2779,87384,29,0,0.2101959004613872,0
311,3549,3098,51830,18,1,0.8729219498450268,1
629,11956,1005,57446,24,1,0.08405821344931415,1
657,8140,2322,20160,15,0,0.28525798525798524,0
707,12837,122,61583,39,0,0.009503778141310275,0
672,5716,3896,38998,7,0,0.6815955213435969,0
307,14797,334,32230,17,0,0.022572143001959855,1
421,6481,3184,14076,27,0,0.4912822095355655,0
647,9898,1224,74341,15,0,0.12366134572640937,0
389,8548,1028,36085,18,0,0.12026204960224614,0
615,4293,3707,60571,16,0,0.8634987188446308,0
477,6837,622,19715,12,0,0.09097557408219979,0
839,9758,1908,10750,6,1,0.1955318712850994,0
340,12900,3623,83768,26,1,0.2808527131782946,1
801,8793,530,40903,9,0,0.060275218924144204,0
444,9638,892,77489,33,0,0.0925503216434945,0
500,9993,1729,37093,35,1,0.17302111478034624,1
760,8007,1836,96036,24,0,0.22929936305732485,0
846,7542,632,92954,5,0,0.08379740121983559,0
552,11092,3126,39314,23,0,0.28182473855030654,0
689,13276,1846,53225,17,0,0.13904790599578187,0
555,8356,1775,92985,22,0,0.21242221158449018,0
749,12201,1416,88014,5,0,0.11605606097860831,0
309,10433,2957,40179,28,0,0.28342758554586406,1
541,9380,1012,30338,24,0,0.10788912579957356,0
550,4385,1224,97435,16,1,0.27913340935005704,1
304,6268,1625,74681,23,0,0.2592533503509892,1
418,2671,1427,37101,10,0,0.5342568326469487,0
673,2163,3018,7775,25,0,1.3952843273231623,0
364,10656,2687,50619,33,0,0.2521584084084084,1
445,13234,1123,50838,27,0,0.08485718603596797,0
523,6592,1676,24539,2,1,0.254247572815534,1
538,6795,1478,62124,10,0,0.2175128771155261,0
476,12634,3474,70149,37,0,0.27497229697641284,0
581,6798,1619,31616,13,0,0.23815828184760224,0
362,8036,1781,84655,25,0,0.22162767546042808,1
516,4355,3939,95695,20,0,0.9044776119402985,0
760,7887,2097,59567,38,1,0.26588056295169266,0
404,14470,326,42099,29,0,0.022529371112646857,0
398,14916,1359,80831,7,0,0.09111021721641191,0
810,9961,972,66799,19,1,0.09758056420038148,0
684,12749,991,95221,31,0,0.07773158679112087,0
704,7827,1578,30479,21,0,0.20160981218857799,0
817,10737,1136,51172,6,0,0.10580236565148551,0
775,6719,2357,60863,8,0,0.35079624944188126,0
736,14027,2888,47043,0,0,0.20588864333071932,0
322,2593,496,87569,28,0,0.1912842267643656,1
757,6839,1223,20408,7,0,0.1788273139347858,0
382,9394,2178,62980,3,0,0.23185011709601874,0
444,13996,3045,87956,34,0,0.21756216061731923,0
384,11651,3699,21351,2,0,0.31748347781306324,0
377,5493,748,9131,39,0,0.13617331148734754,0
756,12793,428,49825,6,0,0.03345579613851325,0
300,8164,3337,16349,26,0,0.4087457128858403,1
350,12636,1582,65931,0,0,0.12519784742006965,1
745,4672,3993,49254,26,0,0.854666095890411,0
748,6200,1051,43225,15,0,0.16951612903225807,0
787,2016,2105,17453,37,0,1.0441468253968254,0
333,5191,2116,23814,6,0,0.40762858794066653,1
647,2392,3271,23263,22,0,1.3674749163879598,0
394,10616,2768,82694,10,0,0.2607385079125848,0
371,8272,1978,20735,32,0,0.23911992263056092,1
453,2571,1296,20830,35,1,0.5040840140023337,1
549,5631,1872,52893,36,0,0.3324453915823122,0
737,8172,261,49673,16,1,0.031938325991189426,0
417,11312,1851,94462,34,0,0.16363154172560113,0
605,9177,875,50066,4,0,0.09534706331045004,0
567,10433,3434,8373,31,0,0.3291478960989169,0
353,5897,1927,15335,2,1,0.3267763269459047,1
535,14287,2421,28741,34,0,0.16945474907258345,0
688,10123,3174,15692,13,0,0.31354341598340413,0
700,4279,1151,52295,30,1,0.2689880813274129,1
602,10980,2473,50541,30,0,0.22522768670309654,0
506,9451,1039,39057,16,0,0.1099354565654428,0
528,10906,3320,71983,23,0,0.3044195855492389,0
374,13041,639,24583,22,0,0.04899930986887509,0
734,2775,2635,27765,17,0,0.9495495495495495,0
402,14218,921,64287,13,0,0.06477704318469546,0
721,8869,1561,28906,14,0,0.17600631412786108,0
605,4247,1188,90103,14,0,0.2797268660230751,0
397,9088,455,84675,5,1,0.05006602112676056,1
634,2078,3704,51525,26,1,1.7824831568816168,1
734,10080,3423,43230,14,0,0.33958333333333335,0
746,9099,334,24520,35,0,0.036707330475876467,0
607,5926,2374,90238,7,0,0.4006074924063449,0
548,11047,1648,56934,14,0,0.14918077306055944,0
465,9340,3484,30566,2,0,0.3730192719486081,0
780,9083,2196,78193,12,0,0.2417703401959705,0
634,8230,217,35134,33,0,0.026366950182260023,0
841,12340,2201,15345,23,0,0.17836304700162076,0
405,11223,1773,46185,39,0,0.15797914995990378,0
380,6940,2712,97949,31,0,0.39077809798270896,1
432,5271,1167,75744,31,0,0.2214001138303927,0
437,13768,3986,38455,29,0,0.2895119116792563,0
483,14374,2200,33018,12,0,0.1530541255043829,0
700,5456,3757,59219,0,0,0.688599706744868,0
629,9788,657,50991,33,0,0.06712300776460972,0
807,13698,3696,78616,14,0,0.26982041173894,0
368,10599,3848,92438,13,0,0.3630531182186999,1
845,9650,3273,14486,28,0,0.33917098445595856,0
352,4711,1915,43862,33,0,0.40649543621311823,1
749,13280,3941,63870,17,0,0.2967620481927711,0
504,3668,2105,91694,6,1,0.5738822246455835,1
425,2147,3015,48856,28,0,1.4042850489054495,1
342,8420,497,91055,30,0,0.059026128266033255,1
410,14519,3309,36379,24,0,0.2279082581445003,0
482,14089,774,69729,37,0,0.05493647526439066,0
394,12142,486,33378,13,0,0.0400263548015154,0
673,2365,2258,59353,7,0,0.9547568710359408,0
819,11866,2761,54996,26,0,0.23268161132647902,0
659,6531,2164,19031,1,0,0.3313428265196754,0
580,14686,3951,85072,16,0,0.269031730900177,0
494,7330,3353,70982,36,1,0.4574351978171896,1
494,7510,983,41683,13,1,0.13089214380825565,1
392,12738,3707,22618,24,0,0.2910189982728843,0
360,10754,640,11587,29,0,0.05951273944578762,0
350,13754,270,67790,28,0,0.019630652900974262,1
702,12681,2556,36480,19,0,0.20156139105748758,0
304,10964,839,25527,20,0,0.07652316672747173,1
765,8493,1501,28569,21,0,0.1767337807606264,0
833,12229,3359,16151,34,1,0.27467495298061984,0
704,13615,3005,76094,36,1,0.22071244950422328,1
812,12759,2377,64174,15,0,0.1862998667607179,0
532,7439,218,49739,16,0,0.029305014114800375,0
823,11765,3327,37954,15,0,0.28278793030174243,0
645,13886,2931,40303,1,0,0.2110759037879879,0
345,8511,3858,39700,3,0,0.4532957349312654,1
845,13483,2612,98036,20,0,0.19372543202551362,0
377,9504,2251,72568,38,0,0.23684764309764308,0
372,3246,3775,71788,33,0,1.162969808995687,1
548,13911,2845,76045,29,0,0.20451441305441737,0
346,5839,2095,42842,5,0,0.3587943140948793,1
420,10551,3966,18900,16,0,0.3758885413704862,0
513,4376,3673,85059,38,0,0.8393510054844607,0
538,5009,3864,6881,24,0,0.7714114593731284,0
355,13185,1805,38037,4,0,0.13689799014031095,1
649,11154,1822,6630,4,0,0.16334947104177874,0
406,13824,2322,25789,19,0,0.16796875,0
347,3827,3905,93059,15,0,1.0203814998693495,1
636,8979,2892,88494,36,0,0.3220848646842633,0
325,11805,1797,51151,39,0,0.15222363405336722,1
556,11832,1544,53920,8,0,0.13049357674104126,0
307,12408,3305,72231,4,0,0.2663604126370084,1
552,14504,3562,85357,1,0,0.24558742415885274,0
602,10569,1859,8262,8,0,0.17589175891758918,0
355,14406,1624,71981,35,0,0.11273080660835763,1
825,6285,764,86972,21,0,0.12155926809864757,0
773,8910,132,80485,21,0,0.014814814814814815,0
327,10561,2202,59722,21,0,0.20850298267209544,1
377,4196,2666,94499,33,0,0.6353670162059104,1
515,5747,2903,55818,28,0,0.5051331129284844,0
685,10843,3996,34932,37,1,0.36853269390390114,1
664,7978,3809,11901,32,0,0.47743795437452996,0
825,7607,2159,13597,17,1,0.2838175364795583,0
611,2769,1651,68909,6,1,0.596244131455399,1
306,12613,819,77391,0,0,0.06493300562911282,1
302,2780,2702,89214,32,0,0.9719424460431655,1
662,11908,2520,13263,0,0,0.2116224386966745,0
807,8303,583,68293,23,1,0.07021558472841141,0
573,5983,1072,30805,3,0,0.17917432726057161,0
805,11503,3818,96679,3,0,0.33191341389202816,0
314,13551,3399,16874,17,0,0.2508301970334293,1
491,10714,2770,98065,26,0,0.2585402277394064,0
784,2521,406,91402,31,0,0.1610472034906783,0
327,12512,556,19079,32,0,0.04443734015345269,1
338,11127,2307,54850,27,0,0.20733351307630088,1
572,9569,430,77779,35,0,0.0449367750026126,0
530,12422,2923,14018,5,0,0.2353083239413943,0
385,14232,324,54500,15,0,0.022765598650927487,0
773,7784,3130,17100,33,0,0.40210688591983557,0
425,6583,2876,62021,22,0,0.43688288014583015,0
836,7946,3675,24800,23,0,0.46249685376289956,0
444,6941,1579,68400,12,0,0.2274888344618931,0
824,8267,3216,97446,17,0,0.3890165719124229,0
511,9128,3385,34437,12,0,0.3708369851007888,0
324,13889,1182,81537,36,0,0.08510331917344661,1
693,13029,743,51675,38,0,0.05702663289584772,0
366,14275,715,24942,16,0,0.050087565674255694,0
532,4461,294,25862,14,0,0.06590450571620712,0
408,13435,588,16669,17,0,0.04376628209899516,0
445,13551,2304,58772,22,0,0.17002435244631392,0
410,2685,2757,20916,29,0,1.0268156424581005,1
527,4160,1349,15878,33,0,0.32427884615384617,0
410,9031,2559,7985,3,1,0.28335732477023584,1
769,14180,3376,78648,2,1,0.2380818053596615,0
333,14258,1202,46235,6,0,0.08430354888483658,1
668,11759,1247,23931,17,0,0.1060464325197721,0
724,7341,2618,97876,6,0,0.35662716251191934,0
817,2038,1341,5336,39,0,0.6579980372914622,0
581,12736,615,47933,5,0,0.048288316582914576,0
619,6875,1725,89899,21,0,0.2509090909090909,0
742,3256,1227,50536,0,0,0.37684275184275184,0
614,13182,492,74504,3,0,0.03732362312243969,0
676,9697,730,56148,28,0,0.07528101474682891,0
588,4196,3816,21279,20,0,0.909437559580553,0
736,13660,1947,73665,25,0,0.1425329428989751,0
576,9165,2755,76386,13,0,0.3006001091107474,0
802,12900,1079,91124,8,0,0.08364341085271318,0
815,2301,533,82485,11,0,0.23163841807909605,0
649,9527,3502,79055,5,0,0.36758685840243516,0
745,8381,3314,96911,19,0,0.3954182078510918,0
649,2646,3971,82273,23,0,1.500755857898715,0
436,14950,2687,71670,26,0,0.1797324414715719,0
542,11951,377,81474,37,0,0.031545477365910804,0
842,14543,332,59028,7,1,0.022828852368837242,0
339,10789,1652,95022,0,0,0.15311891741588654,1
528,10853,1694,96632,23,0,0.1560858748733069,0
847,6330,1213,76128,6,0,0.19162717219589256,0
522,11560,3663,23108,18,0,0.31686851211072664,0
305,12773,3370,57495,21,0,0.2638377828231426,1
621,9003,2509,87806,34,0,0.27868488281683884,0
767,14060,3612,98185,29,0,0.25689900426742535,0
374,5537,125,81533,28,0,0.02257540184215279,0
303,14500,3196,61830,21,0,0.22041379310344827,1
417,6558,1517,79640,10,0,0.23132052455016774,0
803,8579,2654,57509,19,0,0.30936006527567317,0
740,10474,3472,71406,28,0,0.33148749283941187,0
493,13870,3510,99220,33,0,0.25306416726748376,0
691,11678,2414,44519,0,0,0.20671347833533138,0
325,6082,560,54649,30,0,0.09207497533706017,1
734,6183,3864,39524,29,0,0.6249393498301795,0
472,10652,2603,38885,17,0,0.24436725497559145,0
599,12517,3531,49369,16,0,0.28209634896540703,0
625,5754,1191,35676,37,0,0.20698644421272158,0
709,12660,1106,69093,13,0,0.08736176935229067,0
417,3724,3010,52764,22,0,0.8082706766917294,1
524,3376,3583,55799,24,0,1.0613151658767772,0
831,12935,2094,84414,14,0,0.16188635485117897,0
412,10706,590,98095,21,0,0.055109284513357,0
439,10894,1172,77307,2,0,0.10758215531485221,0
300,3653,3858,87062,18,0,1.056118258965234,1
389,4066,2711,36923,33,1,0.6667486473192327,1
619,2022,3273,83388,34,0,1.6186943620178043,0
849,4460,315,52574,0,0,0.07062780269058296,0
438,7926,3609,48391,20,0,0.45533686601059803,0
810,8251,1823,58664,28,0,0.2209429160101806,0
558,11496,1692,72384,5,0,0.14718162839248433,0
309,9295,2706,36027,36,0,0.2911242603550296,1
560,5300,258,40464,0,1,0.04867924528301887,1
471,8279,2636,39485,0,0,0.3183959415388332,0
312,10553,785,24456,26,0,0.07438643039893869,1
467,9353,3413,79795,20,0,0.36490965465626,0
620,5727,2941,40554,15,0,0.5135323904312904,0
618,8272,1876,51922,39,0,0.22678916827853,0
628,7995,2152,18409,25,0,0.2691682301438399,0
849,11476,3767,74327,15,0,0.3282502614151272,0
718,2514,1943,96400,27,0,0.7728719172633254,0
394,2448,2508,41639,0,1,1.0245098039215685,1
617,8019,2606,68627,35,0,0.32497817683002866,0
535,7343,2395,88424,9,0,0.32616096963094104,0
633,12047,1689,24692,16,1,0.14020087988710883,1
675,10033,1796,94037,22,0,0.1790092694109439,0
758,13754,3093,83840,6,0,0.22488003489893849,0
436,4520,2569,59200,6,0,0.5683628318584071,0
846,5081,2046,98063,14,0,0.40267663845699664,0
812,3428,3909,62415,33,0,1.1403150525087515,0
595,5967,2162,23074,3,0,0.3623261270320094,0
619,8445,2883,20549,13,0,0.34138543516873887,0
648,11114,3744,34963,13,0,0.33687241317257516,0
528,13329,1245,96456,15,0,0.0934053567409408,0
569,4159,2424,57265,6,0,0.5828324116374128,0
590,7132,1681,21061,31,0,0.23569826135726304,0
464,4547,2600,63226,18,0,0.5718055861007257,0
304,4979,3561,33810,1,0,0.7152038561960233,1
678,12473,3465,65006,9,0,0.2778000481039044,0
377,4649,3745,27800,16,0,0.8055495805549581,1
709,10505,2745,80476,36,0,0.2613041408852927,0
431,12805,2593,74460,11,0,0.20249902381882076,0
341,5083,2357,62767,5,0,0.4637025378713358,1
388,12448,3761,33054,21,0,0.30213688946015427,0
701,3037,2861,80319,31,0,0.9420480737569971,0
595,5489,2449,50397,19,0,0.4461650573875023,0
594,9604,2032,18233,0,0,0.21157850895460226,0
825,9544,3394,95020,5,0,0.3556160938809723,0
721,4634,1857,30068,18,0,0.40073370738023306,0
322,5983,2150,70727,17,0,0.3593514959050643,1
442,3778,1089,95610,5,0,0.28824775013234516,0
444,9902,1641,75453,32,0,0.1657240961421935,0
524,7110,1216,30832,22,0,0.1710267229254571,0
802,7189,2667,91242,22,0,0.37098344693281404,0
403,14087,3599,18682,25,0,0.2554837793710513,0
338,9378,592,97298,12,0,0.06312646619748347,1
497,3124,3406,28383,6,1,1.090268886043534,1
690,2697,719,63160,14,0,0.26659251019651464,0
478,4179,3332,98332,26,0,0.7973199329983249,0
747,11596,3892,28666,25,0,0.3356329768885823,0
799,7251,3923,63817,32,1,0.5410288236105365,0
314,11235,2478,96198,14,0,0.2205607476635514,1
588,3929,2480,39642,35,1,0.6312038686688725,1
777,3013,2197,46830,26,0,0.7291735811483571,0
530,2226,1646,15234,4,0,0.7394429469901168,0
719,9321,962,62616,1,0,0.10320781032078104,0
456,3828,1791,14221,32,0,0.46786833855799376,0
849,9909,3663,16410,15,0,0.36966394187102636,0
740,7588,1705,85055,22,0,0.2246968898260411,0
396,4023,3852,66413,37,1,0.9574944071588367,1
710,6966,2419,6051,15,0,0.3472581108240023,0
588,12644,679,80301,13,0,0.05370136032900981,0
553,12277,1990,81918,28,0,0.16209171621731694,0
495,7891,1375,83116,25,0,0.17424914459510835,0
821,14475,2707,61563,34,0,0.18701208981001727,0
816,3080,2843,49757,14,0,0.923051948051948,0
417,7036,1955,82475,2,0,0.27785673678226264,0
458,12512,3870,56257,22,1,0.3093030690537084,1
527,13382,3261,5307,28,0,0.2436855477507099,0
515,12822,2593,61889,33,0,0.20223054125721415,0
314,4563,3164,73895,32,0,0.6934034626342319,1
456,5292,1455,40944,22,0,0.27494331065759636,0
560,14813,1262,43134,6,0,0.08519543644096401,0
456,5586,456,32323,2,0,0.08163265306122448,0
346,6431,1724,76762,31,0,0.26807650443165915,1
623,8841,2421,92225,30,0,0.27383780115371564,0
429,8643,3190,30954,17,0,0.36908480851556175,0
710,13139,2106,60021,6,0,0.16028617094147196,0
394,5959,2458,94959,0,0,0.412485316328243,0
591,13005,969,84866,13,0,0.07450980392156863,0
582,12775,985,75427,31,1,0.07710371819960861,1
368,2161,2101,9992,5,0,0.97223507635354,1
310,2593,2301,6961,38,0,0.8873891245661396,1
553,13451,1513,17497,9,0,0.11248234332019924,0
849,14347,1383,37551,6,0,0.09639645919007458,0
433,13154,719,81384,25,0,0.05466017941310628,0
322,14080,982,60755,33,0,0.06974431818181819,1
645,5390,896,18255,29,0,0.16623376623376623,0
601,7997,3742,9567,35,1,0.4679254720520195,1
662,8354,2272,53847,20,0,0.271965525496768,0
695,14693,3525,53003,16,0,0.23991016130129994,0
517,2663,1396,25389,32,0,0.5242208036049568,0
440,11324,718,49523,9,0,0.06340515718827269,0
509,2541,1934,66576,11,0,0.7611176702085793,0
759,7433,344,48919,15,0,0.04628010224673752,0
655,7093,2995,87103,31,0,0.4222472860566756,0
623,13166,2597,8358,14,0,0.19725049369588332,0
432,2867,1029,93535,26,0,0.3589117544471573,0
426,12258,1370,81524,27,0,0.11176374612497961,0
405,10623,619,10698,16,0,0.05826979196083969,0
677,7469,3312,71809,1,0,0.44343285580398983,0
350,14470,2509,98079,35,0,0.17339322736696614,1
328,8256,107,60805,6,0,0.012960271317829458,1
761,11398,2625,36349,12,0,0.23030356202842603,0
595,12720,3523,81777,14,0,0.27696540880503145,0
596,3169,2119,55248,24,0,0.6686651940675292,0
706,2830,594,80033,22,0,0.20989399293286218,0
704,3651,1729,49041,21,0,0.47356888523692137,0
645,3136,2980,36954,25,0,0.9502551020408163,0
719,4810,3598,13002,32,0,0.748024948024948,0
481,10667,1162,74783,10,1,0.10893409580950596,1
300,13002,2740,92234,9,0,0.2107368097215813,1
670,11518,286,24738,24,1,0.024830699774266364,1
730,3019,3767,15703,36,0,1.247764160317986,0
608,7237,3771,54422,37,0,0.5210722675141634,0
436,12028,2901,88106,23,0,0.24118722979714,0
501,14448,1977,66899,39,0,0.13683554817275748,0
735,12640,2240,17392,32,0,0.17721518987341772,0
612,14485,185,49724,16,1,0.01277183293061788,1
416,3283,3215,37299,23,0,0.9792872372829728,1
543,2659,236,20641,36,0,0.08875517111696127,0
836,4010,2568,84534,1,0,0.6403990024937656,0
374,10590,2221,11305,31,0,0.20972615675165251,0
685,3733,3719,23782,23,1,0.996249665148674,1
509,4125,1736,83257,8,0,0.42084848484848486,0
774,4171,3683,82963,3,0,0.8830016782546152,0
717,10266,3327,25566,16,0,0.32407948568088835,0
646,14889,3426,72766,16,0,0.230102760427161,0
828,5471,2318,11511,29,1,0.42368853957229025,0
478,11028,1851,31177,39,0,0.16784548422198042,0
481,7624,2317,9765,10,0,0.3039087093389297,0
324,10691,1887,25354,20,0,0.17650360115985408,1
479,10329,971,28929,20,0,0.09400716429470424,0
800,4097,2469,33820,17,0,0.6026360751769587,0
460,7068,3738,34523,28,0,0.5288624787775892,0
476,13888,2603,76088,23,0,0.18742799539170507,0
584,12077,1043,71163,9,0,0.08636250724517679,0
362,8397,1726,82525,16,0,0.20554960104799333,1
455,4757,2937,18780,17,0,0.6174059281059491,0
768,5920,2760,11589,19,0,0.46621621621621623,0
348,10186,3326,39812,36,0,0.32652660514431575,1
383,3900,3036,98664,17,0,0.7784615384615384,1
660,4610,448,50939,16,0,0.09718004338394794,0
447,8900,3622,56493,8,0,0.4069662921348315,0
641,14178,1776,98326,13,0,0.1252644942869234,0
775,3449,1296,45953,28,1,0.37576109017106407,0
362,10738,109,70785,30,0,0.010150866083069473,0
659,7017,2887,24309,3,1,0.41142938577739774,1
626,14868,3436,59195,17,0,0.23110034974441754,0
440,9999,1561,30901,19,0,0.1561156115611561,0
514,8052,3931,28576,8,0,0.48820168902136113,0
734,12195,3418,36508,12,0,0.28027880278802786,0
617,4096,766,79711,14,0,0.18701171875,0
331,10895,2693,30464,26,0,0.24717760440569067,1
584,8404,1622,65281,14,0,0.19300333174678724,0
604,12595,2276,21260,27,0,0.18070662961492656,0
728,11817,3843,40440,36,0,0.32520944402132523,0
776,5331,700,61683,18,0,0.13130744700806604,0
585,14925,2752,46430,25,0,0.18438860971524287,0
443,9462,426,6987,25,0,0.04502219403931516,0
723,7105,3924,30105,24,0,0.5522871217452499,0
318,4978,1079,83484,25,0,0.21675371635194857,1
317,14928,2551,18026,25,0,0.17088692390139334,1
670,4839,728,73309,27,0,0.15044430667493283,0
474,5384,1729,50927,17,0,0.3211367013372957,0
493,12851,3846,80414,31,0,0.2992763209088787,0
801,12053,3782,62535,2,0,0.31378080146021736,0
412,13048,3796,47946,1,0,0.29092581238503984,0
413,2685,3530,61561,32,0,1.314711359404097,1
521,9531,3774,15377,18,0,0.39597104186339316,0
563,6283,2865,58592,16,0,0.4559923603374184,0
354,9736,3188,12347,32,0,0.32744453574363186,1
757,9710,373,38776,11,0,0.03841400617919671,0
461,3619,784,8783,2,0,0.21663442940038685,0
679,14835,215,60798,25,0,0.014492753623188406,0
386,8868,960,9298,34,0,0.10825439783491204,0
354,3431,2103,75204,7,0,0.6129408335762169,1
775,11067,792,91207,35,0,0.07156410951477366,0
477,6713,3262,60161,6,0,0.4859228362877998,0
690,12653,1205,65652,35,0,0.09523433177902474,0
648,11557,2471,39484,15,0,0.21380981223500908,0
307,11435,3108,25922,23,0,0.27179711412330565,1
612,6998,2261,39028,0,0,0.32309231208916833,0
742,2162,1892,25316,24,0,0.8751156336725254,0
627,3974,3229,81996,9,1,0.8125314544539507,1
353,5291,253,21968,15,0,0.04781704781704782,1
538,10461,2000,35266,15,0,0.1911863110601281,0
528,2631,1527,29000,7,0,0.580387685290764,0
350,2905,3799,19011,28,0,1.3077452667814113,1
563,13663,1389,7866,38,0,0.10166142135694943,0
717,13445,414,10898,27,0,0.030792116028263296,0
395,4014,3886,23395,5,0,0.9681116093672147,1
387,11833,1164,44019,15,1,0.09836896813994761,1
377,9896,204,9006,19,0,0.020614389652384803,0
587,2204,2024,39393,15,0,0.9183303085299456,0
419,2581,2013,15956,6,0,0.7799302595893065,1
790,7675,1316,55042,13,0,0.1714657980456026,0
751,11032,1524,11078,25,0,0.13814358230601886,0
799,7347,3449,34631,25,0,0.46944331019463725,0
464,11911,2501,67901,13,0,0.20997397363781378,0
481,4643,3163,74497,6,0,0.6812405772130088,0
768,10017,1872,99813,32,0,0.18688230008984727,0
306,4297,2060,46574,25,0,0.4794042355131487,1
629,2874,2880,36417,19,1,1.0020876826722338,1
450,7560,1703,93020,2,0,0.22526455026455028,0
384,2689,808,88639,3,0,0.3004834510970621,0
446,6000,3427,70006,25,0,0.5711666666666667,0
680,13333,750,99881,10,0,0.05625140628515713,0
847,11614,2971,44454,1,0,0.25581195109350785,0
584,2671,1046,6587,13,0,0.3916136278547361,0
381,9927,760,59710,29,1,0.07655887982270575,1
813,3171,2246,91567,11,1,0.7082939135919268,0
822,7591,2735,96748,25,0,0.3602950862863918,0
685,13918,2429,80886,32,0,0.17452220146572783,0
770,11135,2550,23816,12,0,0.22900763358778625,0
418,8342,1232,90824,13,1,0.14768640613761688,1
695,3449,799,34432,23,0,0.2316613511162656,0
831,13929,2346,53617,33,0,0.1684255869050183,0
560,4539,3474,77373,25,0,0.7653668208856577,0
555,5959,2138,39217,20,0,0.35878503104547743,0
525,8285,2474,25884,27,0,0.2986119493059747,0
352,7432,2301,10454,35,0,0.3096071044133477,1
799,6260,651,79960,39,0,0.10399361022364217,0
805,4361,3816,48618,1,1,0.8750286631506535,1
663,8164,504,88948,8,0,0.061734443900048994,0
579,13844,561,67671,22,0,0.04052297023981508,0
457,5670,2279,52111,14,0,0.40194003527336863,0
358,3753,2938,44613,12,0,0.7828403943511857,1
427,10100,973,90678,22,0,0.09633663366336634,0
414,12544,183,64993,16,0,0.014588647959183673,0
508,3938,1522,13848,1,0,0.38649060436769933,0
825,10562,2901,83672,19,1,0.27466388941488357,0
820,7976,2775,71125,19,0,0.3479187562688064,0
536,14671,3280,91444,2,0,0.22357030877240816,0
580,12123,320,66602,11,0,0.026396106574280293,0
658,8588,2700,77045,39,0,0.3143921751280857,0
500,10616,1491,47222,1,0,0.14044837980406932,0
577,8304,3318,54223,35,0,0.3995664739884393,0
534,9345,211,70333,13,0,0.02257891920813269,0
793,14916,714,57732,15,0,0.047868061142397424,0
303,9875,1681,54420,18,1,0.17022784810126582,1
741,11086,3071,80504,33,0,0.2770160562872091,0
328,8633,3665,7462,5,0,0.42453376578246266,1
408,2597,3676,14460,12,0,1.4154793993068926,1
374,5062,574,14275,35,0,0.11339391544843935,0
445,4336,2983,99213,21,0,0.6879612546125461,0
427,14880,2013,18269,17,0,0.13528225806451613,0
341,11879,370,70942,11,0,0.031147402980048824,1
655,2572,2568,77920,29,0,0.9984447900466563,0
340,9521,2020,27553,39,0,0.21216258796344922,1
333,8171,2854,29366,6,0,0.3492840533594419,1
316,9097,1490,49036,31,0,0.16379026052544796,1
452,4090,3451,22369,18,1,0.8437652811735942,1
677,8566,3454,16795,5,0,0.40322204062572964,0
641,13861,139,75021,19,0,0.010028136498088161,0
326,14464,2082,73154,26,0,0.14394358407079647,1
586,6624,2336,35143,36,0,0.3526570048309179,0
467,3633,3335,34425,6,1,0.9179741260666117,1
567,3517,1093,93209,4,0,0.31077622974125674,0
754,14485,2112,80139,10,0,0.14580600621332412,0
700,12849,3707,10368,14,0,0.28850494201883414,0
775,5648,2683,9621,2,0,0.47503541076487255,0
429,13780,3175,63829,4,0,0.23040638606676342,0
662,3537,389,65294,22,0,0.10998020921685044,0
591,5137,2580,19719,36,0,0.5022386606969048,0
670,8985,2618,34227,8,0,0.2913745130773511,0
328,2097,3352,12566,14,0,1.5984740104911779,1
448,13407,3419,17306,2,0,0.2550160363988961,0
595,14722,2775,58822,28,0,0.18849341122130145,0
310,14924,378,29042,5,0,0.025328330206378986,1
811,5750,3024,20086,16,0,0.5259130434782608,0
412,13349,680,22387,25,0,0.05094014532923814,0
486,14875,962,32042,20,0,0.06467226890756303,0
526,10535,353,94424,7,0,0.03350735643094447,0
609,10174,280,56618,20,0,0.027521132298014547,0
397,10103,780,97050,10,0,0.07720479065624072,0
354,7413,924,23323,37,0,0.12464589235127478,1
705,6666,3680,23019,7,0,0.5520552055205521,0
368,2610,3932,80426,23,0,1.506513409961686,1
611,3727,799,45863,34,0,0.21438154011269117,0
588,12482,2713,15283,13,0,0.21735298830315655,0
847,3854,1449,23279,13,0,0.3759730150492994,0
447,12800,1480,51999,9,0,0.115625,0
766,7055,3996,67780,11,0,0.5664068036853296,0
543,12271,1773,27908,37,0,0.14448700187433786,0
790,4324,2827,66584,33,0,0.6537927844588344,0
806,14819,2538,55225,9,0,0.17126661718064648,0
664,11369,1738,42952,16,0,0.152871844489401,0
781,11283,2057,42663,16,0,0.1823096694141629,0
500,7774,3256,66381,2,0,0.4188320041162851,0
453,8519,3488,52929,30,0,0.40943772743279727,0
749,12983,311,14343,0,1,0.02395440191019025,0
800,3749,1638,81173,11,0,0.43691651106961854,0
372,12867,483,44791,38,0,0.03753788761949172,0
595,2781,1814,34134,3,0,0.6522833513124775,0
316,9548,441,52101,12,0,0.04618768328445748,1
516,13240,1938,74443,33,0,0.14637462235649548,0
360,8823,2087,62530,20,0,0.23654085911821376,1
341,4105,943,51799,21,0,0.22971985383678442,1
324,5867,3209,9827,3,1,0.5469575592295892,1
338,9193,1634,67653,17,0,0.17774393560317633,1
430,6976,519,18699,4,0,0.07439793577981652,0
797,14734,2898,96419,18,0,0.19668793267272974,0
528,4113,3340,10313,1,0,0.812059324094335,0
407,7879,2088,18598,11,0,0.2650082497778906,0
471,5970,2032,33807,16,0,0.3403685092127303,0
734,12183,3514,75423,9,0,0.2884347040958713,0
777,11259,1949,74390,33,0,0.1731059596767031,0
401,9264,405,50226,5,0,0.043717616580310883,0
823,3577,3713,64550,7,0,1.0380206877271456,0
574,11203,2849,85072,10,0,0.2543068820851558,0
343,4274,968,8558,11,0,0.22648572765559194,1
316,6869,2684,80308,8,0,0.3907410103362935,1
629,12006,1235,55113,1,1,0.10286523404964185,1
796,8744,1534,57999,7,0,0.17543458371454712,0
311,4426,305,60878,10,0,0.06891098056936286,1
617,7546,3356,41343,35,1,0.4447389345348529,1
515,8852,3553,63219,9,0,0.40137821961138725,0
638,14594,595,40186,20,0,0.040770179525832534,0
380,4551,3550,41966,19,0,0.7800483410239508,1
784,8411,3218,38769,7,0,0.3825942218523362,0
673,13849,2009,58218,35,0,0.1450646256047368,0
499,2007,3911,24229,28,1,1.9486796213253612,1
836,10087,3722,80209,11,0,0.3689897888371171,0
765,4555,3699,32877,13,0,0.8120746432491768,0
388,2475,2651,63001,20,0,1.0711111111111111,1
567,7416,1145,43084,21,0,0.15439590075512405,0
788,12403,312,86780,20,0,0.025155204386035638,0
837,10676,409,97892,29,0,0.038310228550018734,0
346,9239,2808,21806,38,0,0.3039289966446585,1
587,8710,2091,93635,19,0,0.24006888633754306,0
315,7000,2900,42034,23,0,0.4142857142857143,1
700,6654,371,45317,22,0,0.05575593627892997,0
385,10078,3742,60468,6,0,0.3713038301250248,1
549,8063,1922,24094,8,0,0.23837281408904873,0
690,4285,3085,62796,0,0,0.7199533255542591,0
634,7223,3373,15589,25,0,0.46698047902533574,0
818,8971,2179,62221,37,1,0.24289376881061198,0
436,14755,542,6657,37,0,0.036733310742121314,0
797,5525,2309,44531,21,0,0.4179185520361991,0
776,13531,2914,57227,9,0,0.21535732761806223,0
522,4822,353,8164,5,0,0.07320613853172957,0
671,6943,620,98078,16,0,0.0892985741034135,0
701,8530,1076,88973,37,0,0.1261430246189918,0
742,13116,3822,46247,23,0,0.2913998170173833,0
789,2258,3651,24601,9,0,1.616917626217892,0
572,2282,109,98966,7,0,0.047765118317265556,0
825,3898,2873,55599,20,0,0.7370446382760389,0
458,6135,2652,76545,5,0,0.4322738386308069,0
451,8629,2932,9552,20,0,0.3397844477923282,0
487,13168,1683,14417,38,0,0.12780984204131227,0
397,12459,2583,63579,23,0,0.2073200096315916,0
430,5200,1234,73207,32,0,0.2373076923076923,0
470,7110,252,77055,17,1,0.035443037974683546,1
482,9167,1758,83270,27,0,0.19177484455110724,0
663,2612,3064,8722,31,1,1.1730474732006126,1
338,2687,3016,75442,11,0,1.1224413844436174,1
826,5690,3273,45031,26,0,0.575219683655536,0
796,10804,2900,84235,9,0,0.26841910403554237,0
815,4307,1956,26438,31,0,0.4541444160668679,0
648,9133,1314,63819,25,0,0.1438738640096354,0
696,13205,1852,48856,24,0,0.1402499053388868,0
460,8509,2710,38576,10,0,0.3184863086144083,0
315,11973,3975,46938,22,1,0.33199699323477827,1
792,7906,1204,54028,33,0,0.15228940045535036,0
725,4591,2636,64807,39,0,0.5741668481812241,0
407,12888,994,54877,22,0,0.0771260086902545,0
749,14150,1211,48461,28,0,0.08558303886925796,0
610,9183,3365,98474,30,0,0.3664379832298813,0
469,7248,203,45469,6,0,0.028007726269315674,0
845,10766,3954,88136,39,0,0.36726732305405907,0
713,12102,3267,25435,32,0,0.2699553792761527,0
550,7108,3594,89117,20,0,0.5056274620146314,0
440,5604,2014,19191,1,0,0.3593861527480371,0
573,2669,3369,89726,17,0,1.2622705133008618,0
715,6364,3172,32386,32,0,0.4984286612193589,0
338,9329,1106,36721,36,1,0.11855504341301318,1
328,3283,506,59786,33,0,0.15412732257081938,1
776,2923,1501,18704,19,1,0.5135135135135135,1
617,3125,266,61635,34,0,0.08512,0
544,3529,608,7123,17,0,0.17228676678945878,0
571,11786,1761,95710,23,0,0.14941455964703887,0
739,10438,2460,67993,7,0,0.23567733282237976,0
538,5711,3764,85122,29,0,0.6590789704079846,0
676,10004,3589,30416,9,0,0.3587564974010396,0
565,11752,862,6814,22,0,0.07334921715452689,0
658,8274,780,83537,10,0,0.09427121102248005,0
639,12592,2624,55258,1,0,0.20838627700127066,0
688,12435,2220,21508,25,1,0.17852834740651388,1
302,5864,1264,90166,35,0,0.2155525238744884,1
728,12131,681,83916,32,0,0.056137169235842055,0
441,9833,361,40699,12,0,0.036713108918946406,0
675,13261,1463,51335,39,0,0.11032350501470477,0
623,8788,1431,51806,24,0,0.16283568502503415,0
445,2226,2392,82853,3,1,1.0745732255166218,1
592,13739,1638,68768,18,0,0.11922265084795108,0
731,2264,3508,40739,17,0,1.5494699646643109,0
698,11587,3746,39785,36,0,0.323293345991197,0
643,13749,660,36980,29,1,0.04800349116299367,1
439,2645,1199,94335,18,0,0.4533081285444234,0
486,9544,2003,99702,22,0,0.20987007544006706,0
360,7569,274,90016,15,0,0.03620029065926807,0
679,4990,2256,6609,0,0,0.4521042084168337,0
739,12091,2330,71253,11,0,0.19270531800512777,0
618,4504,291,90481,23,0,0.06460923623445826,0
601,12964,164,96128,33,0,0.012650416538105523,0
643,11346,3110,33141,7,0,0.27410541159880136,0
310,2587,1597,35009,17,0,0.6173173560108234,1
361,14763,3954,11782,4,0,0.267831741515952,1
525,12013,3271,97072,25,0,0.27228835428286025,0
452,11177,1667,30933,29,0,0.14914556678894159,0
609,6079,3011,82154,12,0,0.4953117289027801,0
542,5348,1251,13307,18,0,0.23391922213911742,0
792,8299,3623,97207,28,0,0.43655862152066516,0
665,5831,2037,80874,2,0,0.34933973589435774,0
629,11433,468,43346,25,0,0.040934138021516665,0
406,10381,950,55772,39,0,0.0915133416819189,0
525,11172,142,77084,11,0,0.012710347296813463,0
517,11890,2007,45149,1,0,0.1687973086627418,0
805,3715,3590,91700,10,0,0.9663526244952894,0
558,12785,2635,32526,27,0,0.20610089949159172,0
816,14328,177,90712,17,0,0.012353433835845896,0
353,8450,2973,73477,12,0,0.3518343195266272,1
346,14625,1924,10695,36,0,0.13155555555555556,1
820,7433,1393,44169,21,0,0.187407507063097,0
398,3098,773,52947,11,0,0.24951581665590702,0
319,9096,800,52224,1,0,0.08795074758135445,1
789,4326,858,50865,36,0,0.19833564493758668,0
718,13439,2023,30553,6,1,0.15053203363345488,1
361,11087,2875,65410,25,0,0.2593127085776134,1
444,8416,3486,95895,25,0,0.4142110266159696,0
515,8980,3072,29816,23,0,0.3420935412026726,0
302,8763,1001,60026,11,1,0.11423028643158735,1
459,3674,3036,55705,15,0,0.8263473053892215,0
419,13101,1092,66922,22,0,0.08335241584611862,0
388,9950,1291,78914,39,1,0.12974874371859296,1
628,11122,2486,6881,8,0,0.22352094946951986,0
656,14576,2340,44567,31,0,0.1605378704720088,0
566,10915,1576,52365,14,0,0.14438845625286303,0
622,13132,2430,84211,36,0,0.18504416692049955,0
840,8049,3507,75122,12,0,0.4357062989191204,0
494,3089,489,30006,4,0,0.15830365814179345,0
631,6578,1099,46198,10,0,0.1670720583764062,0
469,11127,624,27831,9,0,0.05607980587759504,0
820,12487,3411,21459,12,0,0.27316409065428043,0
762,2155,1955,37443,14,0,0.9071925754060325,0
339,11262,1606,47316,6,0,0.14260344521399396,1
836,3958,758,69486,39,0,0.19151086407276402,0
560,12693,2863,10877,27,0,0.22555739383912393,0
694,8344,3763,44553,31,1,0.4509827420901246,1
525,7779,990,9922,34,0,0.12726571538758194,0
423,14411,3726,9686,14,0,0.2585524946221636,0
337,8144,1581,37766,35,1,0.19413064833005894,1
627,7063,3260,84943,20,0,0.46156024352258246,0
550,5830,3831,37006,5,0,0.6571183533447684,0
475,11046,3266,36422,0,1,0.29567264168024626,1
753,10831,551,17205,3,0,0.05087249561444003,0
336,12430,2575,91590,10,0,0.2071600965406275,1
615,11794,3322,28527,25,0,0.2816686450737663,0
413,8659,1637,23443,36,0,0.18905185356276707,0
339,2441,3547,21524,22,0,1.4530929946743139,1
600,8040,3193,33202,28,0,0.3971393034825871,0
523,7925,982,70552,20,0,0.12391167192429021,0
617,9358,412,51142,26,0,0.04402650138918572,0
648,6628,939,66692,38,0,0.1416716958358479,0
414,8370,2666,87384,39,0,0.31851851851851853,0
622,11528,3377,25855,12,0,0.2929389312977099,0
339,13892,474,88747,22,0,0.03412035704002304,1
339,2948,550,65372,15,0,0.1865671641791045,1
588,13565,3797,30095,29,0,0.2799115370438629,0
561,10179,3955,43724,3,0,0.3885450437174575,0
515,8115,3162,54241,39,0,0.38964879852125694,0
446,2459,694,57003,15,0,0.2822285481903213,0
635,9568,3350,73379,30,0,0.35012541806020064,0
467,6646,1333,99837,24,0,0.20057177249473368,0
391,2392,599,96996,11,0,0.2504180602006689,0
652,14130,563,99283,25,0,0.03984430290162774,0
662,3787,3295,20972,36,0,0.870081858991286,0
644,9374,212,98846,32,1,0.02261574567953915,1
469,12449,1135,27927,27,0,0.09117198168527593,0
655,3138,3297,71630,8,0,1.0506692160611855,0
490,14000,3736,57347,11,0,0.26685714285714285,0
721,6741,2478,93860,4,0,0.367601246105919,0
306,9418,2024,91210,27,0,0.21490762369929922,1
432,8362,3454,74518,34,0,0.41305907677589093,0
330,4454,239,50283,4,0,0.053659631791647955,1
834,11658,1524,86326,33,1,0.13072568193515183,0
725,5674,3049,17205,33,1,0.5373634120549876,1
693,3377,3268,94874,12,0,0.9677228309150133,0
662,8701,616,17748,38,0,0.07079646017699115,0
736,4597,2716,26097,13,0,0.59082010006526,0
381,2141,2047,8092,10,0,0.9560952825782345,1
655,4659,2993,58311,37,0,0.6424125348787293,0
557,6596,3240,27692,3,0,0.49120679199514855,0
823,11031,2265,28862,32,0,0.20533043241773186,0
594,13810,987,95396,6,0,0.07146994931209269,0
523,7661,3230,84507,7,0,0.42161597702649783,0
824,8142,3204,85152,36,0,0.393515106853353,0
345,14109,1441,75469,9,0,0.1021333900347296,1
412,7626,149,9926,14,0,0.01953842119066352,0
532,10787,3660,96299,37,0,0.3392973023083341,0
316,12096,118,8969,14,0,0.009755291005291005,1
659,10472,825,40733,4,0,0.07878151260504201,0
522,2423,2344,74855,28,0,0.9673957903425505,0
747,8999,1573,46743,18,0,0.17479719968885432,0
664,14557,2706,44876,9,0,0.18588994985230473,0
625,6249,3850,25323,11,0,0.6160985757721236,0
766,3750,551,21428,3,0,0.14693333333333333,0
713,6757,2436,39578,30,0,0.3605150214592275,0
754,3967,1264,91486,17,0,0.3186286866649861,0
532,6088,1207,69140,15,0,0.19825886990801578,0
523,6178,3865,88829,39,0,0.6256069925542247,0
711,9789,2538,11364,35,0,0.2592706098682194,0
634,4946,3762,40349,24,0,0.760614638091387,0
521,11641,314,5691,22,0,0.026973627695215188,0
336,7394,1649,71467,11,0,0.22301866378144442,1
577,9880,2362,50896,33,0,0.23906882591093118,0
495,12523,3574,62062,35,0,0.2853948734328835,0
783,7075,227,84762,36,0,0.03208480565371025,0
541,12412,1945,18861,2,0,0.15670319046084435,0
623,13981,3648,93302,8,1,0.2609255418067377,1
491,9230,859,68928,17,0,0.09306608884073672,0
316,13002,2551,88231,34,0,0.19620058452545763,1
823,14920,3200,46347,33,0,0.21447721179624665,0
700,3531,1915,8121,13,0,0.5423392806570376,0
321,4990,2485,88793,3,0,0.49799599198396793,1
773,9155,2978,33164,28,0,0.32528672856362645,0
419,6493,2861,30491,14,0,0.440628369012783,0
509,11335,460,64222,27,0,0.04058226731363035,0
605,2933,668,28165,15,0,0.22775315376747357,0
569,3460,1515,8748,11,0,0.43786127167630057,0
584,4723,2365,31553,4,0,0.5007410544145671,0
526,12704,1697,65380,33,0,0.13357997481108314,0
680,2285,1792,49331,0,0,0.7842450765864333,0
759,2264,301,44560,38,0,0.1329505300353357,0
306,12559,2164,58865,31,0,0.1723067123178597,1
328,8816,2469,51686,25,0,0.2800589836660617,1
332,13639,617,80910,16,0,0.045237920668670724,1
378,3762,3741,9675,26,0,0.9944178628389154,1
758,13240,1448,71706,23,0,0.10936555891238671,0
837,12573,1535,82986,34,0,0.12208701185079138,0
781,12461,1441,81216,38,0,0.11564079929379664,0
729,2040,780,15068,25,0,0.38235294117647056,0
584,7827,2088,59460,37,0,0.26676887696435414,0
815,10259,3253,51418,22,0,0.3170874354225558,0
398,2987,3645,31206,21,0,1.2202879142952796,1
696,9804,1591,5287,3,0,0.16228070175438597,0
788,9789,524,27337,8,0,0.053529471856165085,0
338,7717,2068,25666,3,0,0.2679797848905015,1
570,14200,3902,6161,6,0,0.2747887323943662,0
456,5198,1812,95071,22,0,0.34859561369757597,0
374,7374,3375,43751,1,0,0.4576891781936534,1
429,6790,3754,87063,23,0,0.5528718703976436,0
383,9183,3166,94389,39,0,0.3447675051726016,1
321,4524,2534,19758,30,0,0.5601237842617153,1
758,11277,877,70780,30,0,0.0777689101711448,0
838,4479,2245,8178,39,0,0.5012279526680062,0
681,11885,3516,36831,33,0,0.2958350862431636,0
739,12507,1926,7176,23,0,0.15399376349244423,0
320,7154,307,38654,25,0,0.04291305563321219,1
602,2778,1637,31627,15,0,0.5892728581713463,0
383,14781,1759,57550,12,0,0.1190041269196942,0
752,11777,3963,49910,14,0,0.33650335399507514,0
686,3492,2733,95417,26,0,0.7826460481099656,0
806,2660,2313,63251,3,0,0.8695488721804512,0
556,3348,121,40422,15,0,0.03614097968936679,0
826,11491,253,16984,29,0,0.022017230876338004,0
461,14132,2062,94312,29,0,0.1459099915086329,0
462,12178,3610,66386,35,0,0.29643619641977337,0
823,9851,3466,88291,2,0,0.35184245254288904,0
570,9156,318,12135,21,0,0.03473132372214941,0
791,4044,768,5320,21,0,0.18991097922848665,0
507,9368,1618,99171,11,0,0.17271562766865928,0
838,5516,2377,26684,20,0,0.43092820884699057,0
359,11250,2167,60913,3,0,0.19262222222222222,1
729,11168,2700,93774,30,0,0.2417621776504298,0
608,6577,1049,26889,30,0,0.15949521058233238,0
819,2727,2295,53899,22,0,0.8415841584158416,0
326,12719,3279,15770,19,0,0.2578032864218885,1
498,13328,502,44321,14,0,0.037665066026410565,0
686,9468,695,90962,22,0,0.07340515420363329,0
648,2342,3654,46777,27,0,1.560204953031597,0
835,3447,2514,51250,15,0,0.7293298520452568,0
677,12571,1537,78034,36,0,0.12226553177949248,0
826,8581,3480,45130,20,0,0.4055471390280853,0
452,13851,2949,86931,14,0,0.21290881524799654,0
505,8317,3065,54346,16,0,0.36852230371528194,0
754,2526,1257,7537,36,0,0.497624703087886,0
572,12088,1842,89762,12,0,0.15238252812706818,0
535,14946,1406,20216,18,0,0.09407199250635621,0
820,12265,3949,89149,29,0,0.3219730941704036,0
800,8748,172,8009,17,0,0.019661636945587563,0
416,2405,580,94904,13,0,0.24116424116424118,0
685,9986,3523,34327,35,0,0.3527939114760665,0
643,11765,659,19209,35,0,0.056013599660008496,0
694,14792,3497,53443,19,0,0.2364115738236885,0
363,5740,844,20029,18,0,0.1470383275261324,1
371,14466,1566,72613,6,0,0.10825383658233098,0
573,14419,199,84443,3,0,0.013801234482280324,0
619,3846,1182,61997,33,0,0.3073322932917317,0
637,3478,2655,67559,1,0,0.7633697527314549,0
665,12587,2405,69892,4,0,0.19107015174386272,0
794,2771,512,75409,9,1,0.18477084085167808,0
465,7525,3623,13635,31,0,0.48146179401993355,0
843,10770,1188,38065,12,0,0.11030640668523677,0
310,13093,2742,38783,38,0,0.209424883525548,1
600,2193,1277,39152,4,0,0.5823073415412676,0
401,4007,2108,63741,9,0,0.5260793611180434,1
724,3185,2413,56502,9,1,0.7576138147566719,1
691,4394,920,34092,37,0,0.20937642239417387,0
513,13190,3250,22653,26,0,0.24639878695981804,0
387,11984,3486,45469,20,1,0.2908878504672897,1
700,11302,761,91483,7,0,0.06733321536011326,0
345,6005,3094,64754,0,0,0.5152373022481266,1
762,9429,659,34978,27,0,0.06989076254109662,0
609,4261,3064,92592,38,0,0.7190800281624032,0
385,5736,3038,99543,13,0,0.5296373779637378,1
391,13985,1371,48169,20,1,0.09803360743653915,1
541,12128,1913,53287,29,0,0.15773416886543534,0
301,8716,3015,59745,20,0,0.3459155575952272,1
524,6875,709,10543,8,0,0.10312727272727273,0
415,14549,2561,61392,16,0,0.17602584370059798,0
402,10921,124,26067,4,0,0.011354271586851022,0
493,6378,2128,56033,30,0,0.3336469112574475,0
465,9815,383,50256,39,0,0.03902190524707081,0
389,5451,1572,95633,37,0,0.2883874518436984,0
421,14649,3028,74345,18,0,0.20670352925114344,0
442,9616,400,27191,35,0,0.04159733777038269,0
405,14728,1191,91803,32,0,0.08086637696903856,0
727,12332,1130,77742,12,0,0.09163152773272787,0
604,11836,916,91593,13,0,0.07739101047651234,0
616,4800,3308,33992,32,0,0.6891666666666667,0
308,10333,3335,86531,28,0,0.3227523468498984,1
372,7410,182,53803,35,0,0.02456140350877193,0
658,3455,2020,68477,9,0,0.5846599131693199,0
522,8892,3821,18210,30,0,0.4297121007647323,0
715,7808,3591,88329,5,0,0.4599129098360656,0
669,8796,3244,31270,0,0,0.36880400181900863,0
563,6796,3408,67008,6,0,0.5014714537963508,0
617,7093,2193,10197,26,0,0.3091780628788947,0
383,12288,717,12452,20,1,0.058349609375,1
617,3325,3075,46486,27,0,0.924812030075188,0
410,6976,3971,19859,15,0,0.5692373853211009,0
550,11405,2409,32236,22,0,0.21122314774221831,0
682,3159,275,36899,19,0,0.0870528648306426,0
306,6650,1289,37083,37,0,0.19383458646616541,1
758,14691,2804,72708,24,0,0.19086515553740385,0
383,6987,941,21663,27,0,0.13467868899384572,0
507,6697,469,98076,4,0,0.07003135732417501,0
689,2340,1918,24053,20,0,0.8196581196581196,0
613,5828,2201,16085,17,1,0.3776595744680851,1
321,3968,789,35564,5,0,0.19884072580645162,1
709,2703,3590,94745,28,0,1.3281539030706622,0
814,14605,1879,64095,18,0,0.12865457035261896,0
426,7482,3678,74517,32,0,0.491579791499599,0
313,12621,1464,26153,0,0,0.11599714761112431,1
311,8376,3298,10247,2,0,0.3937440305635148,1
386,3800,1532,15553,20,0,0.4031578947368421,1
823,7463,466,25811,34,0,0.06244137746214659,0
836,6912,3442,11135,39,0,0.49797453703703703,0
600,6648,743,10573,2,1,0.11176293622141997,1
542,2855,3776,84267,24,0,1.3225919439579685,0
421,12004,2526,12189,37,0,0.21042985671442851,0
446,4866,172,85077,19,0,0.03534730785039047,0
655,13834,3062,48646,33,0,0.22133873066358248,0
608,2182,1371,81623,20,0,0.6283226397800183,0
587,5112,959,58687,22,0,0.1875978090766823,0
606,7670,3956,73312,5,0,0.5157757496740547,0
848,6492,142,32564,12,0,0.021873074553296366,0
651,7823,2524,33835,22,0,0.32263837402531,0
611,3517,1164,66587,8,0,0.33096388967870344,0
358,7002,2317,12697,16,1,0.3309054555841188,1
334,3356,2359,85165,1,0,0.7029201430274136,1
744,12366,1616,78922,18,0,0.1306808992398512,0
392,5629,3851,22046,18,0,0.6841357257061645,1
506,5628,2186,62823,6,1,0.38841506751954513,1
652,14288,468,78580,19,0,0.032754759238521836,0
631,13431,2904,58370,8,0,0.21621621621621623,0
458,13883,250,14615,16,0,0.01800763523734063,0
323,10210,1234,10060,26,0,0.12086190009794319,1
703,13595,1603,81436,1,0,0.11791099668995954,0
815,14871,1559,65519,35,0,0.10483491359020913,0
663,14743,1170,76117,18,1,0.0793596961269755,1
681,13196,1123,66158,16,0,0.08510154592300698,0
831,8132,1698,39782,4,0,0.2088047220855878,0
451,11324,2884,90709,38,0,0.2546803249735076,0
719,13531,2140,83533,17,0,0.15815534698100658,0
549,8588,1489,63255,6,1,0.17338146250582206,1
416,5311,168,77684,16,0,0.03163246093014498,0
811,8048,2446,61918,38,0,0.3039264413518887,0
634,13564,1043,89284,35,0,0.07689472132114421,0
717,8246,901,84558,39,0,0.10926509822944458,0
594,2987,2443,90549,3,0,0.817877469032474,0
670,5321,2350,86422,37,0,0.44164630708513436,0
485,6615,160,30256,24,0,0.02418745275888133,0
545,10365,1045,35005,4,0,0.10082006753497347,0
567,5741,3110,11638,29,0,0.5417174708238983,0
536,5052,1437,42419,11,0,0.2844418052256532,0
829,8574,1284,38377,3,0,0.1497550734779566,0
320,2726,430,48116,23,0,0.15774027879677183,1
819,5760,1651,41634,28,0,0.28663194444444445,0
399,7806,437,87291,8,0,0.05598257750448373,0
777,3875,1729,28382,3,0,0.4461935483870968,0
597,8993,1427,61063,23,0,0.15867897253419327,0
825,6033,1626,27394,13,0,0.2695176529090005,0
633,7443,1773,72789,4,0,0.23821039903264812,0
301,2989,1461,5864,17,0,0.4887922382067581,1
674,5744,1673,45222,18,0,0.29126044568245124,0
592,12878,2786,18666,11,0,0.2163379406740177,0
617,10611,374,25955,17,0,0.03524644237112431,0
801,2593,1287,86845,16,0,0.4963362900115696,0
680,3774,3614,74590,29,1,0.9576046634870164,1
313,12651,2466,71471,23,0,0.1949253023476405,1
803,2935,2736,93314,10,0,0.9321976149914821,0
530,5808,2651,48298,34,0,0.4564393939393939,0
383,2331,3857,68108,22,0,1.6546546546546546,1
429,13641,2534,53924,16,0,0.18576350707426142,0
444,9922,2093,21709,0,0,0.21094537391654908,0
327,4702,969,14726,14,0,0.20608251807741387,1
365,14198,2980,65824,31,0,0.2098887167206649,1
462,7889,1114,45542,8,0,0.14120927874255293,0
528,7054,2011,25245,14,0,0.28508647575843493,0
560,5868,702,39753,27,0,0.1196319018404908,0
748,6200,3921,84788,23,0,0.6324193548387097,0
723,2201,1899,26316,34,0,0.8627896410722399,0
759,4497,790,89698,21,0,0.17567267066933512,0
600,3842,593,20960,26,0,0.1543466944299844,0
602,12058,589,35791,18,0,0.04884723834798474,0
586,12188,2868,30216,11,0,0.2353134230390548,0
694,11101,3244,37467,19,0,0.292225925592289,0
309,14497,2656,69427,0,0,0.1832103193764227,1
569,6658,489,67047,20,0,0.07344547912285972,0
660,13381,3790,78290,0,0,0.28323742620133024,0
556,9544,394,52014,9,0,0.041282481139983236,0
432,9718,1492,9078,31,0,0.1535295328256843,0
575,2770,2943,83389,38,0,1.0624548736462094,0
812,5155,3012,55519,21,0,0.5842870999030068,0
612,12693,1817,9042,17,0,0.14314976758843456,0
583,12906,2696,54052,31,0,0.20889508755617542,0
420,14916,748,19389,26,1,0.05014749262536873,1
406,13777,1973,73111,27,0,0.143209697321623,0
503,3628,667,98715,17,0,0.1838478500551268,0
464,2386,3358,55733,38,0,1.4073763621123219,1
604,8031,3000,39754,28,0,0.3735524841240194,0
796,13613,2917,23624,17,0,0.21428046720047014,0
455,8439,544,90886,7,0,0.06446261405379784,0
666,8401,3741,31681,30,0,0.4453041304606594,0
550,6008,462,94524,33,0,0.07689747003994674,0
633,14285,2270,86006,6,0,0.15890794539726985,0
810,14555,1311,29704,35,0,0.0900721401580213,0
592,4466,841,99913,17,0,0.18831168831168832,0
319,4282,2141,99108,37,0,0.5,1
581,3856,779,12493,8,0,0.2020228215767635,0
300,9980,2567,74639,8,0,0.25721442885771545,1
418,3998,3797,59383,7,0,0.9497248624312156,1
334,7476,3423,7994,34,0,0.45786516853932585,1
